{
  "metadata": {
    "ThumbnailYaw": {
      "type": "float",
      "value": 95.56999969482422
    },
    "ContainsAir": {
      "type": "byte",
      "value": 0
    },
    "Version": {
      "type": "long",
      "value": [
        0,
        1
      ]
    },
    "LockedThumbnail": {
      "type": "byte",
      "value": 0
    },
    "BlockCount": {
      "type": "int",
      "value": 646
    },
    "Author": {
      "type": "string",
      "value": "Zytalix"
    },
    "Tags": {
      "type": "list",
      "value": {
        "type": "end",
        "value": []
      }
    },
    "Name": {
      "type": "string",
      "value": "housetest"
    },
    "ThumbnailPitch": {
      "type": "float",
      "value": 15.199999809265137
    }
  },
  "blocks": {
    "5,0,0": 1,
    "5,0,1": 1,
    "5,0,2": 1,
    "5,0,3": 1,
    "5,0,4": 1,
    "0,0,5": 1,
    "1,0,5": 1,
    "2,0,5": 1,
    "3,0,5": 1,
    "4,0,5": 1,
    "5,0,5": 1,
    "0,0,6": 1,
    "1,0,6": 1,
    "2,0,6": 1,
    "3,0,6": 1,
    "4,0,6": 1,
    "5,0,6": 1,
    "5,1,0": 1,
    "5,1,1": 1,
    "5,1,2": 1,
    "5,1,3": 1,
    "0,1,4": 1,
    "1,1,4": 1,
    "2,1,4": 1,
    "3,1,4": 1,
    "4,1,4": 1,
    "5,1,4": 1,
    "0,1,5": 1,
    "1,1,5": 1,
    "2,1,5": 1,
    "3,1,5": 1,
    "4,1,5": 1,
    "5,1,5": 1,
    "5,2,0": 1,
    "5,2,1": 1,
    "5,2,2": 1,
    "0,2,3": 1,
    "1,2,3": 1,
    "2,2,3": 1,
    "3,2,3": 1,
    "4,2,3": 1,
    "5,2,3": 1,
    "0,2,4": 1,
    "1,2,4": 1,
    "2,2,4": 1,
    "3,2,4": 1,
    "4,2,4": 1,
    "5,2,4": 1,
    "5,3,0": 1,
    "5,3,1": 1,
    "0,3,2": 1,
    "1,3,2": 1,
    "2,3,2": 1,
    "3,3,2": 1,
    "4,3,2": 1,
    "5,3,2": 1,
    "0,3,3": 1,
    "1,3,3": 1,
    "2,3,3": 1,
    "3,3,3": 1,
    "4,3,3": 1,
    "5,3,3": 1,
    "0,4,0": 1,
    "1,4,0": 1,
    "2,4,0": 1,
    "3,4,0": 1,
    "4,4,0": 1,
    "5,4,0": 1,
    "0,4,1": 1,
    "1,4,1": 1,
    "2,4,1": 1,
    "3,4,1": 1,
    "4,4,1": 1,
    "5,4,1": 1,
    "0,4,2": 1,
    "1,4,2": 1,
    "2,4,2": 1,
    "3,4,2": 1,
    "4,4,2": 1,
    "5,4,2": 1,
    "0,5,0": 1,
    "1,5,0": 1,
    "2,5,0": 1,
    "3,5,0": 1,
    "4,5,0": 1,
    "5,5,0": 1,
    "0,5,1": 1,
    "1,5,1": 1,
    "2,5,1": 1,
    "3,5,1": 1,
    "4,5,1": 1,
    "5,5,1": 1,
    "0,-4,-8": 7,
    "1,-4,-8": 7,
    "2,-4,-8": 7,
    "3,-4,-8": 1,
    "4,-4,-8": 1,
    "5,-4,-8": 7,
    "6,-4,-8": 7,
    "0,-4,-7": 7,
    "1,-4,-7": 1,
    "2,-4,-7": 1,
    "3,-4,-7": 7,
    "4,-4,-7": 7,
    "5,-4,-7": 7,
    "6,-4,-7": 7,
    "0,-4,-6": 7,
    "1,-4,-6": 7,
    "2,-4,-6": 7,
    "3,-4,-6": 7,
    "4,-4,-6": 7,
    "5,-4,-6": 7,
    "6,-4,-6": 7,
    "0,-4,-5": 7,
    "1,-4,-5": 7,
    "2,-4,-5": 7,
    "3,-4,-5": 7,
    "4,-4,-5": 7,
    "5,-4,-5": 7,
    "6,-4,-5": 7,
    "0,-4,-4": 1,
    "1,-4,-4": 1,
    "2,-4,-4": 1,
    "3,-4,-4": 1,
    "4,-4,-4": 1,
    "5,-4,-4": 4,
    "6,-4,-4": 7,
    "0,-4,-3": 1,
    "1,-4,-3": 1,
    "2,-4,-3": 1,
    "3,-4,-3": 1,
    "4,-4,-3": 1,
    "5,-4,-3": 4,
    "6,-4,-3": 7,
    "0,-4,-2": 1,
    "1,-4,-2": 1,
    "2,-4,-2": 1,
    "3,-4,-2": 1,
    "4,-4,-2": 1,
    "5,-4,-2": 4,
    "6,-4,-2": 7,
    "0,-4,-1": 1,
    "1,-4,-1": 1,
    "2,-4,-1": 1,
    "3,-4,-1": 1,
    "4,-4,-1": 1,
    "5,-4,-1": 4,
    "6,-4,-1": 7,
    "0,-3,-5": 7,
    "2,-3,-5": 7,
    "3,-3,-5": 7,
    "4,-3,-5": 7,
    "6,-3,-5": 7,
    "0,-3,-4": 1,
    "1,-3,-4": 1,
    "2,-3,-4": 1,
    "3,-3,-4": 1,
    "4,-3,-4": 1,
    "5,-3,-4": 1,
    "6,-3,-4": 7,
    "5,-3,-3": 1,
    "5,-3,-2": 1,
    "5,-3,-1": 1,
    "0,-2,-4": 1,
    "1,-2,-4": 1,
    "2,-2,-4": 1,
    "3,-2,-4": 1,
    "4,-2,-4": 1,
    "5,-2,-4": 1,
    "5,-2,-3": 1,
    "5,-2,-2": 1,
    "5,-2,-1": 1,
    "0,-1,-4": 1,
    "1,-1,-4": 1,
    "2,-1,-4": 1,
    "3,-1,-4": 1,
    "4,-1,-4": 1,
    "5,-1,-4": 1,
    "5,-1,-3": 1,
    "5,-1,-2": 1,
    "5,-1,-1": 1,
    "0,0,-5": 1,
    "1,0,-5": 1,
    "2,0,-5": 1,
    "3,0,-5": 1,
    "4,0,-5": 1,
    "5,0,-5": 1,
    "0,0,-4": 1,
    "1,0,-4": 1,
    "2,0,-4": 1,
    "3,0,-4": 1,
    "4,0,-4": 1,
    "5,0,-4": 1,
    "5,0,-3": 1,
    "5,0,-2": 1,
    "5,0,-1": 1,
    "0,1,-4": 1,
    "1,1,-4": 1,
    "2,1,-4": 1,
    "3,1,-4": 1,
    "4,1,-4": 1,
    "5,1,-4": 1,
    "0,1,-3": 1,
    "1,1,-3": 1,
    "2,1,-3": 1,
    "3,1,-3": 1,
    "4,1,-3": 1,
    "5,1,-3": 1,
    "5,1,-2": 1,
    "5,1,-1": 1,
    "0,2,-3": 1,
    "1,2,-3": 1,
    "2,2,-3": 1,
    "3,2,-3": 1,
    "4,2,-3": 1,
    "5,2,-3": 1,
    "0,2,-2": 1,
    "1,2,-2": 1,
    "2,2,-2": 1,
    "3,2,-2": 1,
    "4,2,-2": 1,
    "5,2,-2": 1,
    "5,2,-1": 1,
    "0,3,-2": 1,
    "1,3,-2": 1,
    "2,3,-2": 1,
    "3,3,-2": 1,
    "4,3,-2": 1,
    "5,3,-2": 1,
    "0,3,-1": 1,
    "1,3,-1": 1,
    "2,3,-1": 1,
    "3,3,-1": 1,
    "4,3,-1": 1,
    "5,3,-1": 1,
    "5,4,-2": 7,
    "0,4,-1": 1,
    "1,4,-1": 1,
    "2,4,-1": 1,
    "3,4,-1": 1,
    "4,4,-1": 1,
    "5,4,-1": 1,
    "6,5,-3": 7,
    "5,5,-2": 7,
    "6,5,-2": 7,
    "-5,0,-5": 1,
    "-4,0,-5": 1,
    "-3,0,-5": 1,
    "-2,0,-5": 1,
    "-1,0,-5": 1,
    "-5,0,-4": 1,
    "-4,0,-4": 1,
    "-3,0,-4": 1,
    "-2,0,-4": 1,
    "-1,0,-4": 1,
    "-4,0,-3": 1,
    "-4,0,-2": 1,
    "-4,0,-1": 1,
    "-5,1,-4": 1,
    "-4,1,-4": 1,
    "-3,1,-4": 1,
    "-2,1,-4": 1,
    "-1,1,-4": 1,
    "-5,1,-3": 1,
    "-4,1,-3": 1,
    "-3,1,-3": 1,
    "-2,1,-3": 1,
    "-1,1,-3": 1,
    "-4,1,-2": 1,
    "-4,1,-1": 1,
    "-5,2,-3": 1,
    "-4,2,-3": 1,
    "-3,2,-3": 1,
    "-2,2,-3": 1,
    "-1,2,-3": 1,
    "-5,2,-2": 1,
    "-4,2,-2": 1,
    "-3,2,-2": 1,
    "-2,2,-2": 1,
    "-1,2,-2": 1,
    "-4,2,-1": 1,
    "-5,3,-2": 1,
    "-4,3,-2": 1,
    "-3,3,-2": 1,
    "-2,3,-2": 1,
    "-1,3,-2": 1,
    "-5,3,-1": 1,
    "-4,3,-1": 1,
    "-3,3,-1": 1,
    "-2,3,-1": 1,
    "-1,3,-1": 1,
    "-5,4,-1": 1,
    "-4,4,-1": 1,
    "-3,4,-1": 1,
    "-2,4,-1": 1,
    "-1,4,-1": 1,
    "-6,-4,-8": 7,
    "-5,-4,-8": 1,
    "-4,-4,-8": 7,
    "-3,-4,-8": 7,
    "-2,-4,-8": 7,
    "-1,-4,-8": 7,
    "-6,-4,-7": 7,
    "-5,-4,-7": 7,
    "-4,-4,-7": 1,
    "-3,-4,-7": 7,
    "-2,-4,-7": 1,
    "-1,-4,-7": 7,
    "-6,-4,-6": 7,
    "-5,-4,-6": 7,
    "-4,-4,-6": 7,
    "-3,-4,-6": 7,
    "-2,-4,-6": 1,
    "-1,-4,-6": 7,
    "-6,-4,-5": 7,
    "-5,-4,-5": 7,
    "-4,-4,-5": 7,
    "-3,-4,-5": 7,
    "-2,-4,-5": 7,
    "-1,-4,-5": 7,
    "-6,-4,-4": 4,
    "-5,-4,-4": 7,
    "-4,-4,-4": 4,
    "-3,-4,-4": 1,
    "-2,-4,-4": 1,
    "-1,-4,-4": 1,
    "-6,-4,-3": 7,
    "-5,-4,-3": 7,
    "-4,-4,-3": 4,
    "-3,-4,-3": 1,
    "-2,-4,-3": 1,
    "-1,-4,-3": 1,
    "-6,-4,-2": 4,
    "-5,-4,-2": 4,
    "-4,-4,-2": 4,
    "-3,-4,-2": 1,
    "-2,-4,-2": 1,
    "-1,-4,-2": 1,
    "-6,-4,-1": 4,
    "-5,-4,-1": 4,
    "-4,-4,-1": 4,
    "-3,-4,-1": 1,
    "-2,-4,-1": 1,
    "-1,-4,-1": 1,
    "-4,-3,-5": 7,
    "-3,-3,-5": 7,
    "-1,-3,-5": 7,
    "-5,-3,-4": 7,
    "-4,-3,-4": 1,
    "-3,-3,-4": 1,
    "-2,-3,-4": 1,
    "-1,-3,-4": 1,
    "-4,-3,-3": 1,
    "-4,-3,-2": 1,
    "-4,-3,-1": 1,
    "-4,-2,-4": 1,
    "-3,-2,-4": 1,
    "-2,-2,-4": 1,
    "-1,-2,-4": 1,
    "-4,-2,-3": 1,
    "-4,-2,-2": 1,
    "-4,-2,-1": 1,
    "-4,-1,-4": 1,
    "-3,-1,-4": 1,
    "-2,-1,-4": 1,
    "-1,-1,-4": 1,
    "-4,-1,-3": 1,
    "-4,-1,-2": 1,
    "-4,-1,-1": 1,
    "-6,-4,0": 4,
    "-5,-4,0": 4,
    "-4,-4,0": 1,
    "-3,-4,0": 1,
    "-2,-4,0": 1,
    "-1,-4,0": 1,
    "-6,-4,1": 4,
    "-5,-4,1": 4,
    "-4,-4,1": 1,
    "-3,-4,1": 1,
    "-2,-4,1": 1,
    "-1,-4,1": 1,
    "-6,-4,2": 7,
    "-5,-4,2": 4,
    "-4,-4,2": 4,
    "-3,-4,2": 1,
    "-2,-4,2": 1,
    "-1,-4,2": 1,
    "-6,-4,3": 7,
    "-5,-4,3": 7,
    "-4,-4,3": 4,
    "-3,-4,3": 1,
    "-2,-4,3": 1,
    "-1,-4,3": 1,
    "-6,-4,4": 7,
    "-5,-4,4": 7,
    "-4,-4,4": 4,
    "-3,-4,4": 1,
    "-2,-4,4": 1,
    "-1,-4,4": 1,
    "-6,-4,5": 7,
    "-5,-4,5": 7,
    "-4,-4,5": 4,
    "-3,-4,5": 1,
    "-2,-4,5": 1,
    "-1,-4,5": 1,
    "-6,-4,6": 7,
    "-5,-4,6": 7,
    "-4,-4,6": 7,
    "-3,-4,6": 7,
    "-2,-4,6": 7,
    "-1,-4,6": 7,